<?xml version="1.0" encoding="UTF-8"?><MD_Metadata xmlns:gts="http://www.isotc211.org/2005/gts" xmlns:gco="http://www.isotc211.org/2005/gco" xmlns:xalan="http://xml.apache.org/xalan" xmlns:srv="http://www.isotc211.org/2005/srv" xmlns:gmx="http://www.isotc211.org/2005/gmx" xmlns:xlink="http://www.w3.org/1999/xlink" xmlns:xsi="http://www.w3.org/2001/XMLSchema-instance" xmlns:gml="http://www.opengis.net/gml" xmlns="http://www.isotc211.org/2005/gmd">
    <characterSet>
        <MD_CharacterSetCode codeList="http://www.isotc211.org/2005/resources/Codelist/gmxCodelists.xml#MD_CharacterSetCode" codeListValue="utf8" codeSpace="ISOTC211/19115">utf8</MD_CharacterSetCode>
    </characterSet>
    <hierarchyLevel>
        <MD_ScopeCode codeList="http://www.isotc211.org/2005/resources/Codelist/gmxCodelists.xml#MD_ScopeCode" codeListValue="dataset" codeSpace="ISOTC211/19115">dataset</MD_ScopeCode>
    </hierarchyLevel>
    <hierarchyLevelName>
        <gco:CharacterString>dataset</gco:CharacterString>
    </hierarchyLevelName>
    <contact gco:nilReason="missing"/>
    <dateStamp gco:nilReason="missing"/>
    <metadataStandardName>
        <gco:CharacterString>ISO 19139 Geographic Information - Metadata - Implementation Specification</gco:CharacterString>
    </metadataStandardName>
    <metadataStandardVersion>
        <gco:CharacterString>2007</gco:CharacterString>
    </metadataStandardVersion>
    <identificationInfo>
        <MD_DataIdentification>
            <citation>
                <CI_Citation>
                    <title>
                        <gco:CharacterString>AADT Data</gco:CharacterString>
                    </title>
                    <date gco:nilReason="missing"/>
                </CI_Citation>
            </citation>
            <abstract>
                <gco:CharacterString>This layer contains traffic statistics collected by the Transportation Monitoring Unit and developed and analyzed by the Traffic Analysis Section of the Program Development Division of the Utah Department of Transportation. These statistics are intended for use by transportation management, business, and the public. The traffic information is used in planning, programming, highway design, maintenance, traffic control and general administration of highway systems.The traffic information contained in this map is Annual Average Daily Traffic (AADT) on road sections of the State Highways or Local Federal-Aid roads. These statistics are developed by the Traffic Analysis section through the use of the following counting stations:1. 111 continuously operated permanent Continuous Count Stations (CCS, previously known as ATR’s) provided by the Utah Department of Transportation;2. 6,033 (approximately) short-time counts provided by the Utah Department of Transportation;The AADT represents traffic in both directions of travel and is the average for that particular section of route. The routes are sectioned according to:a. Major intersectionsb. Sections where traffic volumes show a substantial increase or decrease. Rounding for all reports and maps for 2016 going forward uses the AASHTO recommendations as follows:AADT = 0 – 999: Rounded to the nearest 10thAADT = 1,000 – 9,999: Rounded to the nearest 100thAADT = Greater than 9,999: Rounded to the nearest 1000th If a statistical calculation needs to be applied to the AADT, (such as when calculating Vehicle Miles Traveled), it is recommended not to use rounded AADT’s. Unrounded AADT’s and truck percentages for 2016 are available in CSV format at UDOT's Open Data Site. This service is specially configured for use with UDOT's Open Data site. Please see the Data Assessment Form for more information. To download this data please visit UDOT's Open Data Site.  If you have questions regarding this map please contact trafficcount@utah.gov.</gco:CharacterString>
            </abstract>
            <purpose>
                <gco:CharacterString>Traffic Information on Utah Roads.</gco:CharacterString>
            </purpose>
            <descriptiveKeywords>
                <MD_Keywords>
                    <keyword>
                        <gco:CharacterString>AADT</gco:CharacterString>
                    </keyword>
                    <keyword>
                        <gco:CharacterString>UDOT</gco:CharacterString>
                    </keyword>
                    <keyword>
                        <gco:CharacterString>Truck</gco:CharacterString>
                    </keyword>
                    <keyword>
                        <gco:CharacterString>Traffic</gco:CharacterString>
                    </keyword>
                </MD_Keywords>
            </descriptiveKeywords>
            <descriptiveKeywords>
                <MD_Keywords>
                    <keyword>
                        <gco:CharacterString>AADT</gco:CharacterString>
                    </keyword>
                    <keyword>
                        <gco:CharacterString>UDOT</gco:CharacterString>
                    </keyword>
                    <keyword>
                        <gco:CharacterString>Truck</gco:CharacterString>
                    </keyword>
                    <keyword>
                        <gco:CharacterString>Traffic</gco:CharacterString>
                    </keyword>
                </MD_Keywords>
            </descriptiveKeywords>
            <descriptiveKeywords>
                <MD_Keywords>
                    <keyword>
                        <gco:CharacterString>AADT</gco:CharacterString>
                    </keyword>
                    <keyword>
                        <gco:CharacterString>UDOT</gco:CharacterString>
                    </keyword>
                    <keyword>
                        <gco:CharacterString>Truck</gco:CharacterString>
                    </keyword>
                    <keyword>
                        <gco:CharacterString>Traffic</gco:CharacterString>
                    </keyword>
                </MD_Keywords>
            </descriptiveKeywords>
            <descriptiveKeywords>
                <MD_Keywords>
                    <keyword>
                        <gco:CharacterString>AADT</gco:CharacterString>
                    </keyword>
                    <keyword>
                        <gco:CharacterString>UDOT</gco:CharacterString>
                    </keyword>
                    <keyword>
                        <gco:CharacterString>Truck</gco:CharacterString>
                    </keyword>
                    <keyword>
                        <gco:CharacterString>Traffic</gco:CharacterString>
                    </keyword>
                </MD_Keywords>
            </descriptiveKeywords>
            <resourceConstraints>
                <MD_Constraints>
                    <useLimitation>
                        <gco:CharacterString>This data is for informational purposes and must be field verified prior to being used on a project.UDOT makes no warranty with respect to the accuracy, completeness or usefulness of this content or consequential damages resulting from the use or misuse of the content or any of the information contained herein. Please contact the UDOT GIS Department at udotgis@utah.gov for more information.</gco:CharacterString>
                    </useLimitation>
                </MD_Constraints>
            </resourceConstraints>
            <language gco:nilReason="missing"/>
            <characterSet>
                <MD_CharacterSetCode codeList="http://www.isotc211.org/2005/resources/Codelist/gmxCodelists.xml#MD_CharacterSetCode" codeListValue="utf8" codeSpace="ISOTC211/19115">utf8</MD_CharacterSetCode>
            </characterSet>
        </MD_DataIdentification>
    </identificationInfo>
</MD_Metadata>
