<?xml version="1.0" encoding="UTF-8"?><MD_Metadata xmlns:xlink="http://www.w3.org/1999/xlink" xmlns:srv="http://www.isotc211.org/2005/srv" xmlns:gts="http://www.isotc211.org/2005/gts" xmlns:xalan="http://xml.apache.org/xalan" xmlns:gco="http://www.isotc211.org/2005/gco" xmlns:gml="http://www.opengis.net/gml" xmlns:xsi="http://www.w3.org/2001/XMLSchema-instance" xmlns="http://www.isotc211.org/2005/gmd">
    <language>
        <LanguageCode codeList="http://www.loc.gov/standards/iso639-2/php/code_list.php" codeListValue="eng" codeSpace="ISO639-2">eng</LanguageCode>
    </language>
    <characterSet>
        <MD_CharacterSetCode codeList="http://www.isotc211.org/2005/resources/Codelist/gmxCodelists.xml#MD_CharacterSetCode" codeListValue="utf8" codeSpace="ISOTC211/19115">utf8</MD_CharacterSetCode>
    </characterSet>
    <hierarchyLevel>
        <MD_ScopeCode codeList="http://www.isotc211.org/2005/resources/Codelist/gmxCodelists.xml#MD_ScopeCode" codeListValue="dataset" codeSpace="ISOTC211/19115">dataset</MD_ScopeCode>
    </hierarchyLevel>
    <hierarchyLevelName>
        <gco:CharacterString>dataset</gco:CharacterString>
    </hierarchyLevelName>
    <contact gco:nilReason="missing"/>
    <dateStamp>
        <gco:Date>2018-12-28</gco:Date>
    </dateStamp>
    <metadataStandardName>
        <gco:CharacterString>ISO 19139 Geographic Information - Metadata - Implementation Specification</gco:CharacterString>
    </metadataStandardName>
    <metadataStandardVersion>
        <gco:CharacterString>2007</gco:CharacterString>
    </metadataStandardVersion>
    <spatialRepresentationInfo>
        <MD_VectorSpatialRepresentation>
            <topologyLevel>
                <MD_TopologyLevelCode codeList="http://www.isotc211.org/2005/resources/Codelist/gmxCodelists.xml#MD_TopologyLevelCode" codeListValue="geometryOnly" codeSpace="ISOTC211/19115">geometryOnly</MD_TopologyLevelCode>
            </topologyLevel>
            <geometricObjects>
                <MD_GeometricObjects>
                    <geometricObjectType>
                        <MD_GeometricObjectTypeCode codeList="http://www.isotc211.org/2005/resources/Codelist/gmxCodelists.xml#MD_GeometricObjectTypeCode" codeListValue="point" codeSpace="ISOTC211/19115">point</MD_GeometricObjectTypeCode>
                    </geometricObjectType>
                    <geometricObjectCount>
                        <gco:Integer>117</gco:Integer>
                    </geometricObjectCount>
                </MD_GeometricObjects>
            </geometricObjects>
        </MD_VectorSpatialRepresentation>
    </spatialRepresentationInfo>
    <referenceSystemInfo>
        <MD_ReferenceSystem>
            <referenceSystemIdentifier>
                <RS_Identifier>
                    <code>
                        <gco:CharacterString>3857</gco:CharacterString>
                    </code>
                    <codeSpace>
                        <gco:CharacterString>EPSG</gco:CharacterString>
                    </codeSpace>
                    <version>
                        <gco:CharacterString>8.8(9.3.1.2)</gco:CharacterString>
                    </version>
                </RS_Identifier>
            </referenceSystemIdentifier>
        </MD_ReferenceSystem>
    </referenceSystemInfo>
    <identificationInfo>
        <MD_DataIdentification>
            <citation>
                <CI_Citation>
                    <title>
                        <gco:CharacterString>Continuous_Count_Station_Locations</gco:CharacterString>
                    </title>
                    <date gco:nilReason="missing"/>
                    <presentationForm>
                        <CI_PresentationFormCode codeList="http://www.isotc211.org/2005/resources/Codelist/gmxCodelists.xml#CI_PresentationFormCode" codeListValue="mapDigital" codeSpace="ISOTC211/19115">mapDigital</CI_PresentationFormCode>
                    </presentationForm>
                </CI_Citation>
            </citation>
            <abstract>
                <gco:CharacterString>This dataset contains the continuous count station (CCS) locations in Utah. This dataset is maintained by the Traffic Analysis Section of the Program Development Division of UDOT. Please see the Data Assessment Form for more information. For questions on the data please contact Nicolas Virgen at trafficcount@utah.gov. To download this data please visit UDOT's Open Data Site. </gco:CharacterString>
            </abstract>
            <purpose>
                <gco:CharacterString>This dataset contains the Continuous Count Station (CCS) locations in Utah.</gco:CharacterString>
            </purpose>
            <descriptiveKeywords>
                <MD_Keywords>
                    <keyword>
                        <gco:CharacterString>Downloadable Data</gco:CharacterString>
                    </keyword>
                    <thesaurusName uuidref="723f6998-058e-11dc-8314-0800200c9a66"/>
                </MD_Keywords>
            </descriptiveKeywords>
            <descriptiveKeywords>
                <MD_Keywords>
                    <keyword>
                        <gco:CharacterString>ATR</gco:CharacterString>
                    </keyword>
                    <keyword>
                        <gco:CharacterString>traffic</gco:CharacterString>
                    </keyword>
                    <keyword>
                        <gco:CharacterString>AADT</gco:CharacterString>
                    </keyword>
                    <keyword>
                        <gco:CharacterString>recorder</gco:CharacterString>
                    </keyword>
                    <keyword>
                        <gco:CharacterString>truck</gco:CharacterString>
                    </keyword>
                    <keyword>
                        <gco:CharacterString>UDOT</gco:CharacterString>
                    </keyword>
                    <keyword>
                        <gco:CharacterString>Planning</gco:CharacterString>
                    </keyword>
                    <keyword>
                        <gco:CharacterString>CCS</gco:CharacterString>
                    </keyword>
                    <keyword>
                        <gco:CharacterString>traffic count</gco:CharacterString>
                    </keyword>
                </MD_Keywords>
            </descriptiveKeywords>
            <descriptiveKeywords>
                <MD_Keywords>
                    <keyword>
                        <gco:CharacterString>ATR</gco:CharacterString>
                    </keyword>
                    <keyword>
                        <gco:CharacterString>traffic</gco:CharacterString>
                    </keyword>
                    <keyword>
                        <gco:CharacterString>AADT</gco:CharacterString>
                    </keyword>
                    <keyword>
                        <gco:CharacterString>recorder</gco:CharacterString>
                    </keyword>
                    <keyword>
                        <gco:CharacterString>truck</gco:CharacterString>
                    </keyword>
                    <keyword>
                        <gco:CharacterString>UDOT</gco:CharacterString>
                    </keyword>
                    <keyword>
                        <gco:CharacterString>Planning</gco:CharacterString>
                    </keyword>
                    <keyword>
                        <gco:CharacterString>CCS</gco:CharacterString>
                    </keyword>
                    <keyword>
                        <gco:CharacterString>traffic count</gco:CharacterString>
                    </keyword>
                </MD_Keywords>
            </descriptiveKeywords>
            <descriptiveKeywords>
                <MD_Keywords>
                    <keyword>
                        <gco:CharacterString>ATR</gco:CharacterString>
                    </keyword>
                    <keyword>
                        <gco:CharacterString>traffic</gco:CharacterString>
                    </keyword>
                    <keyword>
                        <gco:CharacterString>AADT</gco:CharacterString>
                    </keyword>
                    <keyword>
                        <gco:CharacterString>recorder</gco:CharacterString>
                    </keyword>
                    <keyword>
                        <gco:CharacterString>truck</gco:CharacterString>
                    </keyword>
                    <keyword>
                        <gco:CharacterString>UDOT</gco:CharacterString>
                    </keyword>
                    <keyword>
                        <gco:CharacterString>Planning</gco:CharacterString>
                    </keyword>
                    <keyword>
                        <gco:CharacterString>CCS</gco:CharacterString>
                    </keyword>
                    <keyword>
                        <gco:CharacterString>traffic count</gco:CharacterString>
                    </keyword>
                </MD_Keywords>
            </descriptiveKeywords>
            <descriptiveKeywords>
                <MD_Keywords>
                    <keyword>
                        <gco:CharacterString>ATR</gco:CharacterString>
                    </keyword>
                    <keyword>
                        <gco:CharacterString>traffic</gco:CharacterString>
                    </keyword>
                    <keyword>
                        <gco:CharacterString>AADT</gco:CharacterString>
                    </keyword>
                    <keyword>
                        <gco:CharacterString>recorder</gco:CharacterString>
                    </keyword>
                    <keyword>
                        <gco:CharacterString>truck</gco:CharacterString>
                    </keyword>
                    <keyword>
                        <gco:CharacterString>UDOT</gco:CharacterString>
                    </keyword>
                    <keyword>
                        <gco:CharacterString>Planning</gco:CharacterString>
                    </keyword>
                    <keyword>
                        <gco:CharacterString>CCS</gco:CharacterString>
                    </keyword>
                    <keyword>
                        <gco:CharacterString>traffic count</gco:CharacterString>
                    </keyword>
                </MD_Keywords>
            </descriptiveKeywords>
            <descriptiveKeywords>
                <MD_Keywords>
                    <keyword>
                        <gco:CharacterString>ATR</gco:CharacterString>
                    </keyword>
                    <keyword>
                        <gco:CharacterString>traffic</gco:CharacterString>
                    </keyword>
                    <keyword>
                        <gco:CharacterString>AADT</gco:CharacterString>
                    </keyword>
                    <keyword>
                        <gco:CharacterString>recorder</gco:CharacterString>
                    </keyword>
                    <keyword>
                        <gco:CharacterString>truck</gco:CharacterString>
                    </keyword>
                    <keyword>
                        <gco:CharacterString>UDOT</gco:CharacterString>
                    </keyword>
                    <keyword>
                        <gco:CharacterString>Planning</gco:CharacterString>
                    </keyword>
                    <keyword>
                        <gco:CharacterString>CCS</gco:CharacterString>
                    </keyword>
                    <keyword>
                        <gco:CharacterString>traffic count</gco:CharacterString>
                    </keyword>
                </MD_Keywords>
            </descriptiveKeywords>
            <descriptiveKeywords>
                <MD_Keywords>
                    <keyword>
                        <gco:CharacterString>ATR</gco:CharacterString>
                    </keyword>
                    <keyword>
                        <gco:CharacterString>traffic</gco:CharacterString>
                    </keyword>
                    <keyword>
                        <gco:CharacterString>AADT</gco:CharacterString>
                    </keyword>
                    <keyword>
                        <gco:CharacterString>recorder</gco:CharacterString>
                    </keyword>
                    <keyword>
                        <gco:CharacterString>truck</gco:CharacterString>
                    </keyword>
                    <keyword>
                        <gco:CharacterString>UDOT</gco:CharacterString>
                    </keyword>
                    <keyword>
                        <gco:CharacterString>Planning</gco:CharacterString>
                    </keyword>
                    <keyword>
                        <gco:CharacterString>CCS</gco:CharacterString>
                    </keyword>
                    <keyword>
                        <gco:CharacterString>traffic count</gco:CharacterString>
                    </keyword>
                </MD_Keywords>
            </descriptiveKeywords>
            <descriptiveKeywords>
                <MD_Keywords>
                    <keyword>
                        <gco:CharacterString>ATR</gco:CharacterString>
                    </keyword>
                    <keyword>
                        <gco:CharacterString>traffic</gco:CharacterString>
                    </keyword>
                    <keyword>
                        <gco:CharacterString>AADT</gco:CharacterString>
                    </keyword>
                    <keyword>
                        <gco:CharacterString>recorder</gco:CharacterString>
                    </keyword>
                    <keyword>
                        <gco:CharacterString>truck</gco:CharacterString>
                    </keyword>
                    <keyword>
                        <gco:CharacterString>UDOT</gco:CharacterString>
                    </keyword>
                    <keyword>
                        <gco:CharacterString>Planning</gco:CharacterString>
                    </keyword>
                    <keyword>
                        <gco:CharacterString>CCS</gco:CharacterString>
                    </keyword>
                    <keyword>
                        <gco:CharacterString>traffic count</gco:CharacterString>
                    </keyword>
                </MD_Keywords>
            </descriptiveKeywords>
            <descriptiveKeywords>
                <MD_Keywords>
                    <keyword>
                        <gco:CharacterString>ATR</gco:CharacterString>
                    </keyword>
                    <keyword>
                        <gco:CharacterString>traffic</gco:CharacterString>
                    </keyword>
                    <keyword>
                        <gco:CharacterString>AADT</gco:CharacterString>
                    </keyword>
                    <keyword>
                        <gco:CharacterString>recorder</gco:CharacterString>
                    </keyword>
                    <keyword>
                        <gco:CharacterString>truck</gco:CharacterString>
                    </keyword>
                    <keyword>
                        <gco:CharacterString>UDOT</gco:CharacterString>
                    </keyword>
                    <keyword>
                        <gco:CharacterString>Planning</gco:CharacterString>
                    </keyword>
                    <keyword>
                        <gco:CharacterString>CCS</gco:CharacterString>
                    </keyword>
                    <keyword>
                        <gco:CharacterString>traffic count</gco:CharacterString>
                    </keyword>
                </MD_Keywords>
            </descriptiveKeywords>
            <descriptiveKeywords>
                <MD_Keywords>
                    <keyword>
                        <gco:CharacterString>ATR</gco:CharacterString>
                    </keyword>
                    <keyword>
                        <gco:CharacterString>traffic</gco:CharacterString>
                    </keyword>
                    <keyword>
                        <gco:CharacterString>AADT</gco:CharacterString>
                    </keyword>
                    <keyword>
                        <gco:CharacterString>recorder</gco:CharacterString>
                    </keyword>
                    <keyword>
                        <gco:CharacterString>truck</gco:CharacterString>
                    </keyword>
                    <keyword>
                        <gco:CharacterString>UDOT</gco:CharacterString>
                    </keyword>
                    <keyword>
                        <gco:CharacterString>Planning</gco:CharacterString>
                    </keyword>
                    <keyword>
                        <gco:CharacterString>CCS</gco:CharacterString>
                    </keyword>
                    <keyword>
                        <gco:CharacterString>traffic count</gco:CharacterString>
                    </keyword>
                </MD_Keywords>
            </descriptiveKeywords>
            <resourceConstraints>
                <MD_Constraints>
                    <useLimitation>
                        <gco:CharacterString>This data is for informational purposes and must be field verified prior to being used on a project.UDOT makes no warranty with respect to the accuracy, completeness or usefulness of this content or consequential damages resulting from the use or misuse of the content or any of the information contained herein. Please contact the UDOT GIS Department at udotgis@utah.gov for more information.</gco:CharacterString>
                    </useLimitation>
                </MD_Constraints>
            </resourceConstraints>
            <spatialRepresentationType>
                <MD_SpatialRepresentationTypeCode codeList="http://www.isotc211.org/2005/resources/Codelist/gmxCodelists.xml#MD_SpatialRepresentationTypeCode" codeListValue="vector" codeSpace="ISOTC211/19115">vector</MD_SpatialRepresentationTypeCode>
            </spatialRepresentationType>
            <language>
                <LanguageCode codeList="http://www.loc.gov/standards/iso639-2/php/code_list.php" codeListValue="eng" codeSpace="ISO639-2">eng</LanguageCode>
            </language>
            <characterSet>
                <MD_CharacterSetCode codeList="http://www.isotc211.org/2005/resources/Codelist/gmxCodelists.xml#MD_CharacterSetCode" codeListValue="utf8" codeSpace="ISOTC211/19115">utf8</MD_CharacterSetCode>
            </characterSet>
            <environmentDescription>
                <gco:CharacterString>Esri ArcGIS 12.2.1.12813</gco:CharacterString>
            </environmentDescription>
            <extent>
                <EX_Extent>
                    <geographicElement>
                        <EX_GeographicBoundingBox>
                            <extentTypeCode>
                                <gco:Boolean>true</gco:Boolean>
                            </extentTypeCode>
                            <westBoundLongitude>
                                <gco:Decimal>-113.60979</gco:Decimal>
                            </westBoundLongitude>
                            <eastBoundLongitude>
                                <gco:Decimal>-109.18682</gco:Decimal>
                            </eastBoundLongitude>
                            <southBoundLatitude>
                                <gco:Decimal>37.00092</gco:Decimal>
                            </southBoundLatitude>
                            <northBoundLatitude>
                                <gco:Decimal>41.99842</gco:Decimal>
                            </northBoundLatitude>
                        </EX_GeographicBoundingBox>
                    </geographicElement>
                </EX_Extent>
            </extent>
        </MD_DataIdentification>
    </identificationInfo>
    <distributionInfo>
        <MD_Distribution>
            <distributionFormat>
                <MD_Format>
                    <name>
                        <gco:CharacterString>File Geodatabase Feature Class</gco:CharacterString>
                    </name>
                    <version gco:nilReason="missing"/>
                </MD_Format>
            </distributionFormat>
        </MD_Distribution>
    </distributionInfo>
</MD_Metadata>
