"STATION","STATION_N","ROUTE","MP","NEG_AADT","POS_AADT","TOT_AADT","NEG_0000","NEG_0100","NEG_0200","NEG_0300","NEG_0400","NEG_0500","NEG_0600","NEG_0700","NEG_0800","NEG_0900","NEG_1000","NEG_1100","NEG_1200","NEG_1300","NEG_1400","NEG_1500","NEG_1600","NEG_1700","NEG_1800","NEG_1900","NEG_2000","NEG_2100","NEG_2200","NEG_2300","POS_0000","POS_0100","POS_0200","POS_0300","POS_0400","POS_0500","POS_0600","POS_0700","POS_0800","POS_0900","POS_1000","POS_1100","POS_1200","POS_1300","POS_1400","POS_1500","POS_1600","POS_1700","POS_1800","POS_1900","POS_2000","POS_2100","POS_2200","POS_2300","TOT_0000","TOT_0100","TOT_0200","TOT_0300","TOT_0400","TOT_0500","TOT_0600","TOT_0700","TOT_0800","TOT_0900","TOT_1000","TOT_1100","TOT_1200","TOT_1300","TOT_1400","TOT_1500","TOT_1600","TOT_1700","TOT_1800","TOT_1900","TOT_2000","TOT_2100","TOT_2200","TOT_2300","SUTRUCKS","CUTRUCKS"
"-0301",301,"0080",129.0,28099,28328,56427,239,159,124,106,149,334,785,1396,1677,1489,1500,1622,1716,1753,1875,2222,2391,2574,1930,1253,978,814,609,404,209,138,106,110,181,445,1207,1893,2152,1839,1663,1672,1672,1757,1856,1966,2115,2110,1520,1071,933,777,600,336,448,297,230,216,330,779,1992,3289,3829,3328,3163,3294,3388,3510,3731,4188,4506,4684,3450,2324,1911,1591,1209,740,0.167,0.1
"-0302",302,"0015",290.6,108372,103761,212133,1159,683,457,372,556,1646,3510,5073,5677,5404,5248,5725,6188,6574,7070,8135,8871,8419,7253,5579,5040,4395,3374,1964,759,464,345,439,847,2523,5537,5977,6226,6257,5892,6263,6413,6301,6588,7194,7272,6967,6433,4834,3805,3022,2132,1271,1918,1147,802,811,1403,4169,9047,11050,11903,11661,11140,11988,12601,12875,13658,15329,16143,15386,13686,10413,8845,7417,5506,3235,0.101,0.058
"-0303",303,"0091",45.24,4124,4211,8335,17,10,12,22,62,148,258,278,239,223,245,258,267,268,284,263,289,280,226,156,126,96,65,32,40,18,14,13,13,51,89,147,133,162,186,220,250,269,303,382,415,425,343,244,180,148,97,69,57,28,26,35,75,199,347,425,372,385,431,478,517,537,587,645,704,705,569,400,306,244,162,101,0.099,0.044
"-0304",304,"0089",499.81,1230,1246,2476,3,1,0,0,1,6,17,34,53,70,90,103,107,100,101,103,105,97,83,63,48,28,12,5,4,1,0,0,0,2,12,31,51,71,91,97,104,106,101,103,102,93,80,68,57,41,23,8,7,2,0,0,1,8,29,65,104,141,181,200,211,206,202,206,207,190,163,131,105,69,35,13,0.142,0.02
"-0305",305,"0024",8.064,1729,1763,3492,17,9,8,8,8,22,49,87,95,97,101,112,119,122,123,137,147,135,103,73,59,48,31,19,9,5,7,11,33,48,51,82,88,96,106,118,123,128,133,137,140,138,102,70,58,38,25,17,26,14,15,19,41,70,100,169,183,193,207,230,242,250,256,274,287,273,205,143,117,86,56,36,0.028,0.062
"-0306",306,"0015",267.841,83126,73240,156366,908,552,397,357,601,1408,2592,3800,4399,4163,4159,4397,4675,4874,5370,5997,6782,7070,5761,4316,3642,3080,2332,1494,656,413,297,313,603,1852,3457,4771,4929,3988,3608,3846,4049,4180,4551,5132,5452,5652,4400,3312,2766,2308,1652,1053,1564,965,694,670,1204,3260,6049,8571,9328,8151,7767,8243,8724,9054,9921,11129,12234,12722,10161,7628,6408,5388,3984,2547,0.092,0.072
"-0307",307,"0084",92.593,7684,7638,15322,52,41,42,56,110,220,337,425,425,428,455,476,491,500,527,570,595,559,436,317,245,179,120,78,61,46,41,51,85,174,292,355,385,399,426,457,477,506,556,595,625,589,457,339,278,212,143,89,113,87,83,107,195,394,629,780,810,827,881,933,968,1006,1083,1165,1220,1148,893,656,523,391,263,167,0.015,0.023
"-0308",308,"0040",21.579,2809,2804,5613,25,18,15,13,14,27,52,91,124,160,186,204,214,220,228,234,221,196,162,132,105,78,54,36,22,19,21,24,34,61,99,134,147,168,174,180,182,192,203,205,206,192,163,130,96,71,49,32,47,37,36,37,48,88,151,225,271,328,360,384,396,412,431,439,427,388,325,262,201,149,103,68,0.059,0.154
"-0310",310,"0015",389.341,6485,6476,12961,50,33,35,50,77,105,137,192,249,329,400,443,463,480,514,527,527,470,412,338,261,188,126,79,69,47,37,35,64,130,164,219,276,354,428,457,449,460,476,488,478,445,379,326,255,194,147,99,119,80,72,85,141,235,301,411,525,683,828,900,912,940,990,1015,1005,915,791,664,516,382,273,178,0.07,0.174
"-0312",312,"0006",182.39,6043,5981,12024,62,40,32,33,44,92,138,174,215,270,332,387,418,439,468,483,490,463,414,344,267,202,142,94,54,37,30,30,44,81,141,219,290,351,404,412,409,418,430,440,450,433,388,319,235,170,118,78,116,77,62,63,88,173,279,393,505,621,736,799,827,857,898,923,940,896,802,663,502,372,260,172,0.101,0.151
"-0313",313,"0015",187.083,8859,8851,17710,86,68,64,55,67,110,186,289,376,472,602,707,706,693,706,684,638,559,471,431,359,247,168,115,116,86,67,62,69,81,101,160,240,325,425,542,631,700,744,761,746,696,609,515,426,334,242,173,202,154,131,117,136,191,287,449,616,797,1027,1249,1337,1393,1450,1445,1384,1255,1080,946,785,581,410,288,0.078,0.217
"-0314",314,"0006",226.966,3923,4092,8015,32,27,25,28,48,69,84,120,168,216,249,271,291,308,311,314,306,275,227,182,144,106,75,47,49,36,24,22,28,42,80,132,194,237,280,308,302,295,302,305,297,267,228,207,178,124,92,63,81,63,49,50,76,111,164,252,362,453,529,579,593,603,613,619,603,542,455,389,322,230,167,110,0.16,0.237
"-0315",315,"0015",321.96,82703,83049,165752,521,348,304,460,981,2871,5226,5761,5692,4826,4464,4633,4709,4709,4900,5338,5509,5474,4718,3472,2947,2354,1572,914,891,555,374,326,480,999,2086,3204,3679,3804,4130,4544,4838,5211,5895,6871,7151,6881,5793,4432,3749,3246,2445,1465,1412,903,678,786,1461,3870,7312,8965,9371,8630,8594,9177,9547,9920,10795,12209,12660,12355,10511,7904,6696,5600,4017,2379,0.129,0.075
"-0316",316,"0089",402.695,20352,19689,40041,105,67,52,81,193,620,1342,1521,1373,1105,1047,1127,1161,1157,1205,1419,1514,1543,1154,813,697,533,342,181,184,101,63,51,91,196,495,948,1101,952,909,967,1007,1079,1242,1630,1890,1848,1556,1001,827,705,530,316,289,168,115,132,284,816,1837,2469,2474,2057,1956,2094,2168,2236,2447,3049,3404,3391,2710,1814,1524,1238,872,497,0.142,0.02
"-0317",317,"0210",4.166,3439,3375,6814,26,10,4,3,4,8,20,40,65,88,120,173,238,288,364,461,490,393,207,137,115,83,58,44,10,5,3,4,13,48,137,303,436,394,306,261,248,229,225,169,144,123,100,72,55,42,30,18,36,15,7,7,17,56,157,343,501,482,426,434,486,517,589,630,634,516,307,209,170,125,88,62,0.028,0.009
"-0318",318,"0080",161.501,7654,7266,14920,72,57,57,66,102,184,343,449,431,428,447,478,491,498,527,534,535,510,417,327,256,199,147,99,81,62,53,58,68,101,170,262,323,392,442,458,468,486,521,576,615,610,460,324,251,205,162,118,153,119,110,124,170,285,513,711,754,820,889,936,959,984,1048,1110,1150,1120,877,651,507,404,309,217,0.1,0.277
"-0319",319,"0189",13.342,9166,9024,18190,67,32,22,16,30,77,160,306,412,439,493,550,585,619,677,782,898,861,650,462,380,313,209,126,51,27,17,17,41,126,346,526,583,532,492,515,547,590,634,672,735,717,570,416,333,277,169,91,118,59,39,33,71,203,506,832,995,971,985,1065,1132,1209,1311,1454,1633,1578,1220,878,713,590,378,217,0.237,0.072
"-0320",320,"0039",13.243,4406,4428,8834,17,10,8,12,41,87,147,260,258,250,265,290,299,306,324,353,381,336,234,176,150,111,58,33,31,18,9,7,8,31,109,199,272,244,237,257,281,295,312,351,376,383,307,231,184,144,90,52,48,28,17,19,49,118,256,459,530,494,502,547,580,601,636,704,757,719,541,407,334,255,148,85,0.017,0.013
"-0321",321,"0006",149.65,732,758,1490,4,2,2,1,4,13,25,42,36,41,43,46,50,45,46,51,59,63,53,39,27,20,13,7,3,2,2,4,12,25,28,34,34,37,42,47,52,52,62,64,71,58,43,31,24,16,10,5,7,4,4,5,16,38,53,76,70,78,85,93,102,97,108,115,130,121,96,70,51,36,23,12,0.035,0.063
"-0324",324,"0491",9.0,1508,1542,3050,17,15,13,13,17,26,38,61,73,93,107,115,113,111,114,111,102,93,82,63,48,37,26,20,17,13,11,12,16,22,31,41,63,85,104,112,112,116,124,124,118,115,91,69,54,40,29,23,34,28,24,25,33,48,69,102,136,178,211,227,225,227,238,235,220,208,173,132,102,77,55,43,0.071,0.297
"-0325",325,"0089",377.45,12526,12484,25010,170,124,75,40,35,57,133,267,410,507,625,801,913,879,895,980,1162,1232,850,637,556,504,403,271,126,85,53,35,42,109,269,654,918,702,674,775,873,874,841,817,834,890,808,642,528,431,307,197,296,209,128,75,77,166,402,921,1328,1209,1299,1576,1786,1753,1736,1797,1996,2122,1658,1279,1084,935,710,468,0.083,0.017
"-0327",327,"0006",174.652,15771,15768,31539,103,63,57,78,166,439,706,1043,1059,871,868,934,971,943,991,1075,1081,1084,964,768,603,442,286,176,166,96,66,54,72,166,278,480,556,633,759,866,936,992,1101,1226,1374,1531,1293,980,793,649,432,269,269,159,123,132,238,605,984,1523,1615,1504,1627,1800,1907,1935,2092,2301,2455,2615,2257,1748,1396,1091,718,445,0.066,0.064
"-0329",329,"0089",412.398,14543,14630,29173,171,112,65,48,77,146,275,609,706,677,796,950,1053,1045,1052,1113,1143,1112,893,741,634,522,358,245,170,102,64,51,69,167,256,517,614,642,745,903,1020,1038,1088,1135,1192,1201,1019,797,672,531,382,255,341,214,129,99,146,313,531,1126,1320,1319,1541,1853,2073,2083,2140,2248,2335,2313,1912,1538,1306,1053,740,500,0.142,0.02
"-0332",332,"0186",6.186,23823,23918,47741,106,61,43,54,159,844,1761,2209,2153,1831,1525,1387,1484,1455,1386,1196,1123,1268,1322,813,624,499,333,187,213,118,70,50,54,108,313,762,856,889,1090,1428,1624,1560,1962,2304,2331,2217,1729,1377,1067,824,558,414,319,179,113,104,213,952,2074,2971,3009,2720,2615,2815,3108,3015,3348,3500,3454,3485,3051,2190,1691,1323,891,601,0.084,0.021
"-0333",333,"0071",21.26,22990,21056,44046,249,164,99,59,62,148,373,739,1048,1023,1146,1337,1488,1521,1606,1822,2017,1982,1646,1304,1094,943,680,440,182,114,71,50,87,281,779,1535,1817,1353,1167,1192,1242,1270,1246,1241,1306,1430,1369,1034,815,688,490,297,431,278,170,109,149,429,1152,2274,2865,2376,2313,2529,2730,2791,2852,3063,3323,3412,3015,2338,1909,1631,1170,737,0.056,0.01
"-0335",335,"0173",8.26,14210,15039,29249,134,82,55,37,40,75,191,375,471,484,605,777,894,909,1026,1269,1464,1502,1164,839,681,542,375,219,98,57,41,42,82,277,756,1196,1250,931,814,849,939,933,940,946,973,998,883,672,514,404,274,170,232,139,96,79,122,352,947,1571,1721,1415,1419,1626,1833,1842,1966,2215,2437,2500,2047,1511,1195,946,649,389,0.058,0.015
"-0340",340,"0080",118.42,38255,35645,73900,433,257,204,310,606,1225,2030,2351,2168,1943,1710,1799,2094,2214,2199,2673,2918,2782,2039,1687,1460,1399,1061,693,545,343,220,209,375,812,1540,2372,2465,1978,1923,1928,1909,2042,2146,2320,2580,2425,1737,1474,1400,1166,1041,695,978,600,424,519,981,2037,3570,4723,4633,3921,3633,3727,4003,4256,4345,4993,5498,5207,3776,3161,2860,2565,2102,1388,0.104,0.042
"-0348",348,"0015",341.25,59051,58064,117115,626,377,308,326,558,1152,1861,2784,2924,2918,3096,3328,3441,3690,4148,4861,4899,4582,3851,2860,2298,1860,1397,906,498,387,290,380,915,2286,3019,3369,3166,2827,2955,3269,3386,3511,3883,4186,4290,4117,3170,2441,2078,1709,1181,751,1124,764,598,706,1473,3438,4880,6153,6090,5745,6051,6597,6827,7201,8031,9047,9189,8699,7021,5301,4376,3569,2578,1657,0.071,0.098
"-0349",349,"0015",246.92,21769,22041,43810,199,135,109,95,146,288,487,730,891,1059,1247,1349,1386,1455,1579,1714,1818,1844,1542,1216,941,734,491,314,219,143,118,143,277,662,939,1165,1098,1057,1124,1239,1356,1423,1493,1621,1614,1555,1350,1076,878,681,488,322,418,278,227,238,423,950,1426,1895,1989,2116,2371,2588,2742,2878,3072,3335,3432,3399,2892,2292,1819,1415,979,636,0.08,0.122
"-0350",350,"0189",4.831,15242,15222,30464,138,64,33,24,50,147,277,671,877,798,763,866,972,942,982,1096,1224,1347,1116,847,719,593,444,252,114,54,30,22,42,155,350,716,1022,832,794,902,978,1011,1024,1134,1218,1266,997,788,651,576,347,199,252,118,63,46,92,302,627,1387,1899,1630,1557,1768,1950,1953,2006,2230,2442,2613,2113,1635,1370,1169,791,451,0.06,0.023
"-0351",351,"0215",12.381,54695,57239,111934,481,294,216,258,444,1221,2434,3402,3209,2509,2270,2541,2871,3046,3471,4189,4566,4537,3708,2703,2249,1929,1343,804,551,351,249,276,555,1479,2867,3854,3966,3262,2936,3005,3088,3214,3528,3947,4236,4231,3347,2439,2035,1674,1314,835,1032,645,465,534,999,2700,5301,7256,7175,5771,5206,5546,5959,6260,6999,8136,8802,8768,7055,5142,4284,3603,2657,1639,0.107,0.037
"-0353",353,"0215",18.732,58598,56094,114692,724,487,348,292,416,869,1731,2596,2907,2475,2421,2732,2938,3101,3793,5280,6471,6097,3934,2535,2103,1776,1538,1034,405,259,223,407,814,2248,4185,5250,4602,3101,2381,2416,2701,2871,3007,3437,3799,3679,2974,2183,1791,1588,1108,665,1129,746,571,699,1230,3117,5916,7846,7509,5576,4802,5148,5639,5972,6800,8717,10270,9776,6908,4718,3894,3364,2646,1699,0.07,0.041
"-0354",354,"0171",8.8,16069,15337,31406,198,128,86,62,65,145,283,471,578,627,749,934,1055,1082,1190,1377,1521,1518,1122,845,691,589,449,304,132,92,65,67,154,403,748,1024,967,843,822,902,1021,1026,1052,1008,1027,967,833,673,533,446,322,210,330,220,151,129,219,548,1031,1495,1545,1470,1571,1836,2076,2108,2242,2385,2548,2485,1955,1518,1224,1035,771,514,0.096,0.027
"-0355",355,"0171",0.9,8234,8571,16805,85,50,33,29,33,64,159,272,283,299,359,459,512,521,588,652,724,735,673,536,444,344,238,142,62,37,30,43,80,200,341,481,434,399,439,502,540,526,589,597,626,624,587,473,388,294,178,101,147,87,63,72,113,264,500,753,717,698,798,961,1052,1047,1177,1249,1350,1359,1260,1009,832,638,416,243,0.174,0.029
"-0362",362,"0089",498.231,1054,1242,2296,3,1,1,1,2,5,12,28,44,63,80,82,83,85,87,92,93,84,68,52,41,26,15,6,5,2,1,1,2,7,17,37,59,75,91,101,103,102,100,104,103,88,75,58,47,34,20,10,8,3,2,2,4,12,29,65,103,138,171,183,186,187,187,196,196,172,143,110,88,60,35,16,0.142,0.02
"-0363",363,"0091",19.899,12168,12375,24543,70,38,31,45,134,257,407,511,558,582,646,722,797,837,907,996,1041,1043,762,570,485,379,225,125,133,69,45,38,67,168,332,620,685,672,677,721,723,714,786,882,976,973,819,644,547,475,374,235,203,107,76,83,201,425,739,1131,1243,1254,1323,1443,1520,1551,1693,1878,2017,2016,1581,1214,1032,854,599,360,0.071,0.049
"-0382",382,"0014",1.589,1155,1158,2313,5,2,1,1,1,2,6,15,29,48,67,83,86,89,89,97,103,99,96,84,70,47,25,10,4,2,1,1,2,6,17,37,56,74,84,86,87,90,91,97,94,100,84,57,38,25,16,9,9,4,2,2,3,8,23,52,85,122,151,169,173,179,180,194,197,199,180,141,108,72,41,19,0.148,0.05
"-0402",402,"0009",1.415,13733,13838,27571,66,38,36,67,121,294,482,737,871,881,912,951,953,943,937,999,1020,995,808,570,409,312,207,124,105,66,50,43,57,131,308,493,622,671,747,850,931,1000,1065,1130,1169,1212,978,705,554,453,314,184,171,104,86,110,178,425,790,1230,1493,1552,1659,1801,1884,1943,2002,2129,2189,2207,1786,1275,963,765,521,308,0.095,0.029
"-0403",403,"0015",112.432,10800,10678,21478,137,107,89,85,80,98,151,247,368,478,594,735,835,860,871,870,831,768,658,559,496,408,282,193,116,91,83,86,96,122,174,265,386,522,672,777,835,875,891,873,825,738,629,518,411,308,227,158,253,198,172,171,176,220,325,512,754,1000,1266,1512,1670,1735,1762,1743,1656,1506,1287,1077,907,716,509,351,0.164,0.247
"-0405",405,"0021",104.31,794,794,1588,5,3,1,3,10,40,39,41,37,38,40,45,48,50,51,58,58,59,48,37,32,24,18,9,3,1,2,3,5,11,16,50,45,42,47,52,55,55,60,68,74,64,47,35,25,17,11,6,8,4,3,6,15,51,55,91,82,80,87,97,103,105,111,126,132,123,95,72,57,41,29,15,0.023,0.051
"-0406",406,"0071",16.337,13655,13055,26710,129,79,54,38,43,95,228,493,680,602,624,718,803,838,922,1123,1403,1512,1038,664,549,470,342,208,100,58,37,32,65,191,481,1044,1134,815,712,751,794,788,810,831,880,939,764,565,462,378,266,158,229,137,91,70,108,286,709,1537,1814,1417,1336,1469,1597,1626,1732,1954,2283,2451,1802,1229,1011,848,608,366,0.08,0.028
"-0407",407,"0068",38.593,13578,14172,27750,123,65,43,28,49,208,464,579,544,486,499,559,637,698,809,1106,1490,1499,1149,761,647,540,382,213,59,35,26,53,141,475,997,1331,1245,907,733,736,733,722,762,888,1006,1000,821,507,396,298,191,110,182,100,69,81,190,683,1461,1910,1789,1393,1232,1295,1370,1420,1571,1994,2496,2499,1970,1268,1043,838,573,323,0.055,0.032
"-0408",408,"0068",57.436,11708,11787,23495,134,113,76,62,88,196,341,481,568,550,623,733,799,782,834,954,1019,944,670,504,413,343,294,187,135,91,68,62,82,198,365,514,560,553,615,699,784,804,829,888,932,913,725,570,479,402,313,206,269,204,144,124,170,394,706,995,1128,1103,1238,1432,1583,1586,1663,1842,1951,1857,1395,1074,892,745,607,393,0.072,0.06
"-0411",411,"0089",51.37,1651,1785,3436,11,7,5,5,9,17,32,53,81,121,145,144,131,125,124,121,117,107,90,70,53,38,27,18,11,7,5,4,4,6,12,29,49,77,112,140,155,156,163,165,164,150,126,94,67,44,28,17,22,14,10,9,13,23,44,82,130,198,257,284,286,281,287,286,281,257,216,164,120,82,55,35,0.073,0.111
"-0412",412,"089A",0.01,2597,2537,5134,17,7,4,4,7,20,45,84,127,156,177,190,208,196,204,207,217,216,163,122,94,65,42,25,17,10,8,7,19,21,63,119,141,147,161,174,186,181,181,184,187,189,163,128,96,71,54,30,34,17,12,11,26,41,108,203,268,303,338,364,394,377,385,391,404,405,326,250,190,136,96,55,0.139,0.06
"-0414",414,"0095",0.225,345,384,729,1,0,0,0,0,2,8,11,19,25,28,29,29,28,27,25,24,22,19,16,12,10,7,3,1,0,0,0,0,1,4,7,11,18,23,29,34,37,38,37,35,32,26,19,14,10,6,2,2,0,0,0,0,3,12,18,30,43,51,58,63,65,65,62,59,54,45,35,26,20,13,5,0.108,0.17
"-0416",416,"0089",306.479,1433,1464,2897,11,6,3,3,4,8,18,36,53,63,73,76,80,87,100,117,139,153,131,98,71,52,33,18,7,3,5,8,23,69,84,88,79,87,95,98,100,100,103,107,103,91,70,51,39,28,17,9,18,9,8,11,27,77,102,124,132,150,168,174,180,187,203,224,242,244,201,149,110,80,50,27,0.025,0.034
"-0420",420,"0191",77.531,2336,2284,4620,25,18,15,16,18,24,34,64,100,141,172,171,169,169,177,181,176,172,143,112,85,66,51,37,21,18,18,17,24,40,65,85,112,137,156,169,176,178,187,183,171,144,116,88,68,51,35,25,46,36,33,33,42,64,99,149,212,278,328,340,345,347,364,364,347,316,259,200,153,117,86,62,0.03,0.228
"-0424",424,"0191",355.61,915,960,1875,4,2,1,1,2,5,22,22,31,43,53,60,63,65,74,83,101,81,77,47,34,23,12,9,2,1,1,2,11,64,47,47,56,60,64,68,73,77,74,69,66,65,41,29,20,13,7,3,6,3,2,3,13,69,69,69,87,103,117,128,136,142,148,152,167,146,118,76,54,36,19,12,0.04,0.088
"-0425",425,"0040",111.561,4917,5335,10252,21,13,12,21,54,167,277,279,294,283,292,311,350,355,354,362,356,351,250,178,137,100,63,37,35,24,20,24,41,105,170,272,272,295,338,363,368,351,376,418,449,440,320,227,169,122,82,54,56,37,32,45,95,272,447,551,566,578,630,674,718,706,730,780,805,791,570,405,306,222,145,91,0.205,0.129
"-0430",430,"0030",80.704,236,230,466,1,1,0,0,1,3,7,12,14,18,17,17,17,17,17,16,15,15,13,11,9,7,5,3,1,1,0,0,1,2,4,6,10,12,14,17,18,19,21,21,20,18,14,11,8,6,4,2,2,2,0,0,2,5,11,18,24,30,31,34,35,36,38,37,35,33,27,22,17,13,9,5,0.042,0.195
"-0431",431,"0028",28.668,1176,1289,2465,14,9,7,8,12,19,28,45,53,63,68,75,75,78,81,87,93,86,74,63,52,39,28,19,16,7,6,8,14,29,37,47,70,81,91,93,95,94,97,98,96,87,71,50,40,28,18,16,30,16,13,16,26,48,65,92,123,144,159,168,170,172,178,185,189,173,145,113,92,67,46,35,0.14,0.247
"-0501",501,"0215",26.4,36782,38224,75006,252,185,185,330,626,1672,2938,3584,3099,2075,1588,1639,1742,1792,1902,2312,2402,2354,1771,1294,1052,916,655,417,430,289,194,211,345,790,1511,1798,1894,1728,1661,1733,1816,1999,2465,3410,4224,3948,2470,1522,1290,1051,870,575,682,474,379,541,971,2462,4449,5382,4993,3803,3249,3372,3558,3791,4367,5722,6626,6302,4241,2816,2342,1967,1525,992,0.075,0.089
"-0502",502,"0015",222.158,9763,9745,19508,89,75,64,63,87,153,244,351,452,580,733,790,765,763,771,729,670,568,500,457,346,234,161,118,148,105,83,73,76,95,115,162,239,332,430,549,653,732,795,823,824,780,704,603,502,403,304,215,237,180,147,136,163,248,359,513,691,912,1163,1339,1418,1495,1566,1552,1494,1348,1204,1060,848,637,465,333,0.044,0.196
"-0503",503,"0089",226.441,2667,2564,5231,21,13,13,16,25,50,78,126,139,143,167,194,214,201,191,197,195,189,152,113,89,68,43,30,31,17,14,11,20,33,46,82,115,122,136,162,191,192,190,198,206,202,166,133,108,84,62,43,52,30,27,27,45,83,124,208,254,265,303,356,405,393,381,395,401,391,318,246,197,152,105,73,0.139,0.14
"-0504",504,"0089",156.965,622,670,1292,2,1,2,1,3,8,14,23,32,40,45,49,51,50,52,52,49,43,34,25,20,13,8,5,3,2,1,1,1,3,9,18,28,39,49,53,54,55,57,58,56,52,41,30,23,17,12,8,5,3,3,2,4,11,23,41,60,79,94,102,105,105,109,110,105,95,75,55,43,30,20,13,0.097,0.164
"-0507",507,"0006",239.232,6271,6548,12819,53,39,33,35,60,83,139,203,270,307,357,410,461,479,490,523,528,498,394,303,238,172,120,76,63,46,34,36,48,109,177,311,357,367,420,469,480,471,470,475,457,434,366,301,256,186,129,86,116,85,67,71,108,192,316,514,627,674,777,879,941,950,960,998,985,932,760,604,494,358,249,162,0.096,0.149
"-0508",508,"0070",38.732,3140,3346,6486,39,30,25,26,29,42,64,102,134,160,191,223,241,241,236,236,235,221,184,145,118,97,71,50,36,26,24,25,40,56,80,115,144,176,212,236,250,259,260,253,239,225,189,152,126,98,73,52,75,56,49,51,69,98,144,217,278,336,403,459,491,500,496,489,474,446,373,297,244,195,144,102,0.068,0.253
"-0509",509,"0040",12.808,12626,12681,25307,49,32,29,38,96,282,682,1134,1075,855,780,785,786,793,838,865,832,784,604,423,345,258,170,91,114,69,49,37,43,84,215,420,543,586,635,701,743,803,900,1083,1281,1385,957,598,471,405,332,227,163,101,78,75,139,366,897,1554,1618,1441,1415,1486,1529,1596,1738,1948,2113,2169,1561,1021,816,663,502,318,0.119,0.071
"-0510",510,"0218",7.7,2144,2172,4316,15,7,9,7,9,58,38,64,99,106,99,125,132,135,140,171,166,207,164,129,106,80,48,30,14,6,6,6,12,39,99,120,124,138,116,142,145,131,132,153,153,159,161,108,87,62,40,19,29,13,15,13,21,97,137,184,223,244,215,267,277,266,272,324,319,366,325,237,193,142,88,49,0.102,0.108
"-0511",511,"1267",2.145,3011,2780,5791,12,5,2,4,16,34,85,234,270,211,164,184,195,179,190,220,203,207,193,140,116,77,45,25,18,7,4,3,4,16,34,100,121,114,116,151,192,178,190,233,265,329,222,156,131,104,57,35,30,12,6,7,20,50,119,334,391,325,280,335,387,357,380,453,468,536,415,296,247,181,102,60,0.078,0.106
"-0512",512,"0035",10.532,234,255,489,0,0,0,0,0,1,3,5,8,11,15,20,21,23,24,24,23,18,14,10,7,4,2,1,0,0,0,0,0,34,4,7,10,15,19,20,20,19,19,18,17,16,13,10,7,4,2,1,0,0,0,0,0,35,7,12,18,26,34,40,41,42,43,42,40,34,27,20,14,8,4,2,0.043,0.063
"-0513",513,"0015",76.32,11171,11038,22209,143,106,85,82,88,111,170,259,376,488,586,688,791,862,900,912,898,834,723,593,509,436,320,211,115,96,89,91,97,135,195,311,444,606,744,834,863,884,882,862,813,737,626,511,401,312,230,160,258,202,174,173,185,246,365,570,820,1094,1330,1522,1654,1746,1782,1774,1711,1571,1349,1104,910,748,550,371,0.122,0.219
"-0601",601,"0092",7.873,1118,1186,2304,10,5,2,1,1,2,6,13,22,32,42,55,66,76,89,100,106,106,94,90,81,62,35,22,5,3,1,1,2,13,27,35,45,57,67,77,90,99,102,103,103,98,90,66,44,29,19,10,15,8,3,2,3,15,33,48,67,89,109,132,156,175,191,203,209,204,184,156,125,91,54,32,0.013,0.02
"-0602",602,"0092",22.487,287,318,605,1,0,0,0,0,1,3,5,8,13,19,22,24,29,31,30,29,25,20,12,7,4,3,1,1,1,0,0,0,0,1,2,4,7,12,20,26,32,35,36,35,32,29,21,12,7,3,2,2,1,0,0,0,1,4,7,12,20,31,42,50,61,66,66,64,57,49,33,19,11,6,3,0.204,0.048
"-0605",605,"0224",8.92,16325,16122,32447,103,54,29,23,40,134,502,1148,1449,1236,1056,1109,1134,1090,1124,1105,1062,1052,869,627,508,394,302,175,125,86,47,26,38,87,210,514,676,766,910,1074,1176,1183,1321,1477,1530,1456,999,694,581,494,386,266,228,140,76,49,78,221,712,1662,2125,2002,1966,2183,2310,2273,2445,2582,2592,2508,1868,1321,1089,888,688,441,0.133,0.026
"-0606",606,"0248",2.561,9453,9545,18998,36,20,15,16,39,139,451,771,830,741,648,657,655,626,660,649,623,595,447,290,206,155,120,64,74,51,26,14,14,44,131,334,407,440,505,560,631,670,776,906,1005,1002,589,385,310,272,234,165,110,71,41,30,53,183,582,1105,1237,1181,1153,1217,1286,1296,1436,1555,1628,1597,1036,675,516,427,354,229,0.151,0.027
"-0609",609,"0167",1.25,4537,4526,9063,13,7,5,7,36,95,195,304,309,256,256,290,312,301,321,383,418,339,232,164,132,89,47,26,28,14,7,4,8,28,110,208,312,271,262,264,280,285,306,349,371,387,323,230,186,148,95,50,41,21,12,11,44,123,305,512,621,527,518,554,592,586,627,732,789,726,555,394,318,237,142,76,0.015,0.023
"-0611",611,"0015",258.6,54152,55072,109224,496,322,229,204,350,627,1255,1930,2210,2442,2745,3011,3201,3410,3838,4415,5020,5331,4059,2881,2287,1843,1251,795,422,280,240,299,603,1718,2778,3877,3737,2943,2842,3039,3241,3310,3489,3743,3758,3740,3128,2474,2037,1590,1105,679,918,602,469,503,953,2345,4033,5807,5947,5385,5587,6050,6442,6720,7327,8158,8778,9071,7187,5355,4324,3433,2356,1474,0.113,0.095
"-0612",612,"0015",331.071,67456,64252,131708,450,308,277,401,875,2534,4176,4108,4016,3566,3558,3847,3954,4038,4291,4669,4789,4636,3835,2835,2440,1893,1223,737,722,449,316,278,440,998,1866,2890,3226,3233,3399,3685,3852,4082,4520,4974,4646,4450,4364,3503,2880,2422,1872,1185,1172,757,593,679,1315,3532,6042,6998,7242,6799,6957,7532,7806,8120,8811,9643,9435,9086,8199,6338,5320,4315,3095,1922,0.085,0.069
"-0613",613,"0015",360.8,26998,26501,53499,225,152,139,175,377,750,1073,1288,1272,1328,1479,1616,1690,1773,1962,2066,2123,1972,1580,1234,1012,789,580,343,318,220,159,150,279,524,751,1010,1173,1365,1515,1595,1604,1690,1793,1981,2082,2004,1675,1357,1127,958,697,474,543,372,298,325,656,1274,1824,2298,2445,2693,2994,3211,3294,3463,3755,4047,4205,3976,3255,2591,2139,1747,1277,817,0.086,0.148
"-0614",614,"0084",36.64,5312,5154,10466,67,54,49,54,71,103,158,213,278,332,383,400,389,392,388,374,336,294,259,227,174,134,104,79,79,62,53,53,58,73,94,135,180,233,278,315,346,375,386,383,384,372,333,289,240,187,142,104,146,116,102,107,129,176,252,348,458,565,661,715,735,767,774,757,720,666,592,516,414,321,246,183,0.044,0.397
"-0616",616,"0015",314.29,87883,86408,174291,609,397,340,487,956,2823,5631,6730,6430,5392,4713,4837,4925,4889,5038,5358,5518,5590,5043,3710,3066,2532,1801,1068,993,642,424,361,519,1052,2187,3219,3761,3910,4165,4573,4871,5293,6052,7200,7667,7504,6041,4476,3833,3428,2631,1606,1602,1039,764,848,1475,3875,7818,9949,10191,9302,8878,9410,9796,10182,11090,12558,13185,13094,11084,8186,6899,5960,4432,2674,0.069,0.062
"-0617",617,"0215",5.53,33951,36678,70629,266,137,86,54,80,213,631,1606,2127,1730,1652,1842,2005,2045,2322,2795,3194,3296,2464,1686,1368,1118,764,470,171,91,58,67,192,797,1913,2958,2962,2285,1968,1995,2084,2116,2241,2397,2687,2953,2307,1441,1163,935,589,308,437,228,144,121,272,1010,2544,4564,5089,4015,3620,3837,4089,4161,4563,5192,5881,6249,4771,3127,2531,2053,1353,778,0.067,0.017
"-0619",619,"0201",10.6,22772,23641,46413,298,198,159,146,211,408,652,716,726,750,852,983,1147,1281,1636,2080,2286,2220,1738,1241,1037,885,679,443,151,122,121,211,506,1363,2181,2426,1844,1300,1148,1165,1188,1197,1256,1321,1312,1268,1054,767,607,514,381,238,449,320,280,357,717,1771,2833,3142,2570,2050,2000,2148,2335,2478,2892,3401,3598,3488,2792,2008,1644,1399,1060,681,0.12,0.047
"-0620",620,"0030",109.1,5311,5322,10633,25,15,14,20,48,123,181,270,285,270,280,320,380,415,409,440,440,430,285,211,178,139,82,51,36,18,13,19,29,70,127,283,330,312,316,376,403,360,378,409,474,472,298,199,147,113,84,56,61,33,27,39,77,193,308,553,615,582,596,696,783,775,787,849,914,902,583,410,325,252,166,107,0.111,0.039
"-0621",621,"0015",9.5,29733,28075,57808,263,173,151,149,223,495,814,1430,1723,1660,1770,1889,1995,2058,2100,2201,2214,2175,1837,1388,1101,872,633,419,279,207,176,181,214,376,666,1004,1255,1488,1713,1914,2019,2018,2060,2136,2176,2222,1667,1296,1094,879,626,409,542,380,327,330,437,871,1480,2434,2978,3148,3483,3803,4014,4076,4160,4337,4390,4397,3504,2684,2195,1751,1259,828,0.078,0.1
"-0622",622,"0165",9.35,11153,11122,22275,98,46,26,20,35,128,192,338,388,424,463,578,696,715,764,905,997,1147,955,726,595,462,283,172,56,28,19,27,69,200,373,712,808,734,633,678,729,684,690,771,812,835,719,548,406,304,185,102,154,74,45,47,104,328,565,1050,1196,1158,1096,1256,1425,1399,1454,1676,1809,1982,1674,1274,1001,766,468,274,0.078,0.015
"-0623",623,"0018",1.6,11839,11499,23338,67,35,23,28,63,194,308,618,737,712,759,829,899,895,875,861,818,798,663,512,442,338,224,141,78,43,32,26,35,78,207,412,577,652,742,854,900,856,854,885,912,943,743,550,441,326,217,136,145,78,55,54,98,272,515,1030,1314,1364,1501,1683,1799,1751,1729,1746,1730,1741,1406,1062,883,664,441,277,0.106,0.024
"-0624",624,"0067",0.944,11595,11841,23436,32,21,20,66,166,637,1398,1918,1456,721,413,401,421,448,466,573,599,587,409,267,216,185,112,63,95,55,32,28,55,146,322,397,430,408,390,412,465,547,783,1370,1866,1713,929,449,338,258,220,133,127,76,52,94,221,783,1720,2315,1886,1129,803,813,886,995,1249,1943,2465,2300,1338,716,554,443,332,196,0.083,0.025
"-0625",625,"0067",11.418,12953,14165,27118,38,24,27,80,205,770,1565,1865,1385,718,485,491,524,562,596,708,708,662,485,335,290,229,130,71,107,62,38,33,57,127,285,453,514,473,454,504,556,645,888,1607,2240,2190,1267,560,399,308,248,150,145,86,65,113,262,897,1850,2318,1899,1191,939,995,1080,1207,1484,2315,2948,2852,1752,895,689,537,378,221,0.118,0.022
"-0626",626,"0073",35.153,17142,16340,33482,166,81,50,36,58,272,521,522,524,571,634,754,889,967,1090,1336,1634,1824,1597,1109,936,758,520,293,54,31,30,64,203,621,1213,1502,1281,1052,913,921,922,868,922,1050,1076,1126,852,592,442,316,186,103,220,112,80,100,261,893,1734,2024,1805,1623,1547,1675,1811,1835,2012,2386,2710,2950,2449,1701,1378,1074,706,396,0.136,0.072
"-0627",627,"0154",13.004,32221,34379,66600,312,200,136,170,322,686,1298,1695,1618,1425,1338,1445,1594,1705,2022,2559,2964,2988,2406,1613,1328,1089,809,499,250,153,142,192,383,1099,2121,2638,2606,1856,1507,1601,1661,1699,1862,2293,2597,2587,2192,1529,1242,1025,725,419,562,353,278,362,705,1785,3419,4333,4224,3281,2845,3046,3255,3404,3884,4852,5561,5575,4598,3142,2570,2114,1534,918,0.126,0.027
"-0628",628,"0215",28.55,20001,20002,40003,166,117,118,217,400,968,1413,1350,1216,1074,935,983,1068,1080,1113,1263,1313,1286,1079,844,700,598,427,273,278,184,124,125,194,360,644,922,1065,1032,1008,1060,1064,1130,1264,1549,1813,1761,1232,885,785,633,531,359,444,301,242,342,594,1328,2057,2272,2281,2106,1943,2043,2132,2210,2377,2812,3126,3047,2311,1729,1485,1231,958,632,0.077,0.108
"-0629",629,"0015",304.0,110072,112285,222357,1279,875,589,462,660,1715,3914,5927,6579,5928,5858,6339,6693,6934,7479,7925,7610,7125,6462,5277,4673,4276,3375,2118,996,628,474,545,981,2640,5206,6640,6862,6486,6118,6378,6625,6778,7049,7527,7695,7491,7038,5428,4430,3815,2809,1646,2275,1503,1063,1007,1641,4355,9120,12567,13441,12414,11976,12717,13318,13712,14528,15452,15305,14616,13500,10705,9103,8091,6184,3764,0.063,0.04
"-0630",630,"0015",296.4,132843,130273,263116,1411,875,600,526,910,2385,4857,7182,7848,7151,6835,7373,7760,8146,8750,9461,9740,9437,8328,6537,5679,4938,3795,2319,1057,646,506,577,1072,3175,6722,7694,7780,7532,7159,7540,7770,7843,8128,8697,8862,8705,8170,6201,5152,4353,3138,1794,2468,1521,1106,1103,1982,5560,11579,14876,15628,14683,13994,14913,15530,15989,16878,18158,18602,18142,16498,12738,10831,9291,6933,4113,0.149,0.063
"-0631",631,"0266",1.923,12983,12019,25002,149,98,72,51,58,106,236,419,532,542,581,727,834,812,901,1046,1209,1229,975,703,603,495,375,230,103,70,52,51,92,247,504,864,929,717,633,705,772,748,747,754,799,763,678,542,462,372,255,160,252,168,124,102,150,353,740,1283,1461,1259,1214,1432,1606,1560,1648,1800,2008,1992,1653,1245,1065,867,630,390,0.079,0.012
"-0632",632,"0145",5.555,23754,24348,48102,211,101,56,40,62,212,560,786,791,811,957,1186,1322,1433,1620,1927,2290,2333,1970,1537,1360,1110,705,374,108,58,43,65,167,561,1209,1952,2008,1710,1442,1429,1476,1394,1420,1581,1718,1679,1430,1018,766,560,349,205,319,159,99,105,229,773,1769,2738,2799,2521,2399,2615,2798,2827,3040,3508,4008,4012,3400,2555,2126,1670,1054,579,0.079,0.027
"-0633",633,"0085",3.374,6660,6948,13608,41,22,15,14,36,165,343,505,455,367,311,319,325,332,368,505,574,584,443,290,233,191,135,87,45,24,14,28,51,131,337,417,377,275,264,285,318,343,392,515,687,798,597,349,272,212,139,78,86,46,29,42,87,296,680,922,832,642,575,604,643,675,760,1020,1261,1382,1040,639,505,403,274,165,0.055,0.032
"-0634",634,"0085",15.84,10935,12113,23048,91,63,50,70,140,309,572,771,606,433,385,410,452,489,586,803,1070,1157,810,537,389,324,248,170,83,53,49,74,150,379,731,1025,900,536,451,480,514,549,642,857,991,1057,858,559,436,353,240,146,174,116,99,144,290,688,1303,1796,1506,969,836,890,966,1038,1228,1660,2061,2214,1668,1096,825,677,488,316,0.138,0.229
"-0635",635,"0015",287.23,92163,90932,183095,977,584,393,322,503,1427,3088,4853,5531,5060,4725,5052,5212,5431,5872,6809,7388,6782,5838,4463,3995,3475,2738,1645,728,432,320,374,692,1995,4590,5598,5315,4847,4596,4914,5190,5357,5772,6550,7113,6927,5763,4265,3520,2854,2017,1203,1705,1016,713,696,1195,3422,7678,10451,10846,9907,9321,9966,10402,10788,11644,13359,14501,13709,11601,8728,7515,6329,4755,2848,0.084,0.061
"-0636",636,"0154",1.857,31998,32972,64970,168,100,70,111,286,1078,2199,3008,3007,2257,1785,1767,1743,1678,1683,1905,1948,1868,1649,1202,953,739,496,298,297,166,101,81,110,313,817,1227,1325,1110,1178,1421,1645,1801,2186,2894,3641,3678,2723,1861,1613,1346,914,524,465,266,171,192,396,1391,3016,4235,4332,3367,2963,3188,3388,3479,3869,4799,5589,5546,4372,3063,2566,2085,1410,822,0.139,0.029
"-0703",703,"0008",0.64,13106,12543,25649,91,48,31,20,27,66,181,341,491,606,756,917,1031,1022,1041,1082,1100,1144,917,702,595,451,280,166,57,30,22,27,58,161,303,615,795,791,858,946,1000,955,925,936,889,869,748,535,426,315,180,102,148,78,53,47,85,227,484,956,1286,1397,1614,1863,2031,1977,1966,2018,1989,2013,1665,1237,1021,766,460,268,0.132,0.019
"-0704",704,"3196",7.54,11135,12296,23431,70,35,23,17,27,78,141,295,426,498,676,861,964,966,931,924,875,848,765,592,480,324,199,120,65,32,22,19,23,57,139,245,344,531,771,966,1099,1087,1079,1056,1014,993,850,662,516,374,227,125,135,67,45,36,50,135,280,540,770,1029,1447,1827,2063,2053,2010,1980,1889,1841,1615,1254,996,698,426,245,0.078,0.1
"-0712",712,"0007",1.337,2176,2194,4370,15,8,8,12,17,40,70,124,150,134,139,166,161,142,144,163,165,150,118,77,62,46,34,31,18,11,9,9,25,58,71,96,95,110,140,145,145,151,162,160,168,169,122,98,86,65,50,31,33,19,17,21,42,98,141,220,245,244,279,311,306,293,306,323,333,319,240,175,148,111,84,62,0.11,0.107
"-0713",713,"0007",4.8,2356,2283,4639,12,4,3,8,18,66,98,171,167,139,144,175,170,151,148,168,168,151,126,84,67,49,36,33,16,9,7,6,20,43,70,90,93,108,138,146,143,147,171,175,188,210,143,109,94,69,56,32,28,13,10,14,38,109,168,261,260,247,282,321,313,298,319,343,356,361,269,193,161,118,92,65,0.132,0.053
"-0714",714,"0007",6.91,1598,1527,3125,12,3,2,4,11,41,61,83,74,77,86,115,112,106,111,135,121,110,99,68,58,44,34,31,8,5,4,3,20,46,61,76,85,84,107,113,98,95,116,112,120,124,76,54,45,30,28,17,20,8,6,7,31,87,122,159,159,161,193,228,210,201,227,247,241,234,175,122,103,74,62,48,0.156,0.062
